Threads,Cycles,Instructions,Cache-References,Cache-Misses,Sched-Switches,Sched-Stat-Runtime,Branch-Misses,Context-Switches,Elapsed Time (s)
1,<not,<not,...(other metrics here),0.002330943
2,<not,<not,...(other metrics here),0.036450416
3,<not,<not,...(other metrics here),0.015017825
4,<not,<not,...(other metrics here),0.065216688
5,<not,<not,...(other metrics here),0.018296906
6,<not,<not,...(other metrics here),0.017905629
7,<not,<not,...(other metrics here),0.008929139
8,<not,<not,...(other metrics here),0.003201169
9,<not,<not,...(other metrics here),0.002554174
10,<not,<not,...(other metrics here),0.003738017
